DATAFLOW,LAST UPDATE,freq,unit,tra_meas,airp_pr,TIME_PERIOD,OBS_VALUE,OBS_FLAG
ESTAT:AVIA_PAR_NL(1.0),25/09/24 11:00:00,A,PAS,PAS_CRD,NL_EHAM_BE_EBBR,2016,217117,
ESTAT:AVIA_PAR_NL(1.0),25/09/24 11:00:00,A,PAS,PAS_CRD,NL_EHAM_BE_EBBR,2017,254517,
ESTAT:AVIA_PAR_NL(1.0),25/09/24 11:00:00,A,PAS,PAS_CRD,NL_EHAM_BE_EBBR,2018,276741,
ESTAT:AVIA_PAR_NL(1.0),25/09/24 11:00:00,A,PAS,PAS_CRD,NL_EHAM_BE_EBBR,2019,281091,
ESTAT:AVIA_PAR_NL(1.0),25/09/24 11:00:00,A,PAS,PAS_CRD,NL_EHAM_DE_EDDB,2016,308639,
ESTAT:AVIA_PAR_NL(1.0),25/09/24 11:00:00,A,PAS,PAS_CRD,NL_EHAM_DE_EDDB,2017,306400,
ESTAT:AVIA_PAR_NL(1.0),25/09/24 11:00:00,A,PAS,PAS_CRD,NL_EHAM_DE_EDDB,2018,316638,
ESTAT:AVIA_PAR_NL(1.0),25/09/24 11:00:00,A,PAS,PAS_CRD,NL_EHAM_DE_EDDB,2019,317320,
ESTAT:AVIA_PAR_NL(1.0),25/09/24 11:00:00,A,PAS,PAS_CRD,NL_EHAM_DE_EDDF,2016,817607,
ESTAT:AVIA_PAR_NL(1.0),25/09/24 11:00:00,A,PAS,PAS_CRD,NL_EHAM_DE_EDDF,2017,842440,
ESTAT:AVIA_PAR_NL(1.0),25/09/24 11:00:00,A,PAS,PAS_CRD,NL_EHAM_DE_EDDF,2018,865042,
ESTAT:AVIA_PAR_NL(1.0),25/09/24 11:00:00,A,PAS,PAS_CRD,NL_EHAM_DE_EDDF,2019,882532,
ESTAT:AVIA_PAR_NL(1.0),25/09/24 11:00:00,A,PAS,PAS_CRD,NL_EHAM_DE_EDDH,2016,501085,
ESTAT:AVIA_PAR_NL(1.0),25/09/24 11:00:00,A,PAS,PAS_CRD,NL_EHAM_DE_EDDH,2017,458972,
ESTAT:AVIA_PAR_NL(1.0),25/09/24 11:00:00,A,PAS,PAS_CRD,NL_EHAM_DE_EDDH,2018,481597,
ESTAT:AVIA_PAR_NL(1.0),25/09/24 11:00:00,A,PAS,PAS_CRD,NL_EHAM_DE_EDDH,2019,477238,
ESTAT:AVIA_PAR_NL(1.0),25/09/24 11:00:00,A,PAS,PAS_CRD,NL_EHAM_DE_EDDL,2016,227196,
ESTAT:AVIA_PAR_NL(1.0),25/09/24 11:00:00,A,PAS,PAS_CRD,NL_EHAM_DE_EDDL,2017,234651,
ESTAT:AVIA_PAR_NL(1.0),25/09/24 11:00:00,A,PAS,PAS_CRD,NL_EHAM_DE_EDDL,2018,254440,
ESTAT:AVIA_PAR_NL(1.0),25/09/24 11:00:00,A,PAS,PAS_CRD,NL_EHAM_DE_EDDL,2019,257004,
ESTAT:AVIA_PAR_NL(1.0),25/09/24 11:00:00,A,PAS,PAS_CRD,NL_EHAM_DE_EDDM,2016,795126,
ESTAT:AVIA_PAR_NL(1.0),25/09/24 11:00:00,A,PAS,PAS_CRD,NL_EHAM_DE_EDDM,2017,954711,
ESTAT:AVIA_PAR_NL(1.0),25/09/24 11:00:00,A,PAS,PAS_CRD,NL_EHAM_DE_EDDM,2018,996325,
ESTAT:AVIA_PAR_NL(1.0),25/09/24 11:00:00,A,PAS,PAS_CRD,NL_EHAM_DE_EDDM,2019,971192,
ESTAT:AVIA_PAR_NL(1.0),25/09/24 11:00:00,A,PAS,PAS_CRD,NL_EHAM_DE_EDDN,2016,192336,
ESTAT:AVIA_PAR_NL(1.0),25/09/24 11:00:00,A,PAS,PAS_CRD,NL_EHAM_DE_EDDN,2017,188397,
ESTAT:AVIA_PAR_NL(1.0),25/09/24 11:00:00,A,PAS,PAS_CRD,NL_EHAM_DE_EDDN,2018,197368,
ESTAT:AVIA_PAR_NL(1.0),25/09/24 11:00:00,A,PAS,PAS_CRD,NL_EHAM_DE_EDDN,2019,198424,
ESTAT:AVIA_PAR_NL(1.0),25/09/24 11:00:00,A,PAS,PAS_CRD,NL_EHAM_DE_EDDS,2016,313330,
ESTAT:AVIA_PAR_NL(1.0),25/09/24 11:00:00,A,PAS,PAS_CRD,NL_EHAM_DE_EDDS,2017,326137,
ESTAT:AVIA_PAR_NL(1.0),25/09/24 11:00:00,A,PAS,PAS_CRD,NL_EHAM_DE_EDDS,2018,345946,
ESTAT:AVIA_PAR_NL(1.0),25/09/24 11:00:00,A,PAS,PAS_CRD,NL_EHAM_DE_EDDS,2019,345419,
ESTAT:AVIA_PAR_NL(1.0),25/09/24 11:00:00,A,PAS,PAS_CRD,NL_EHAM_DE_EDDT,2016,563693,
ESTAT:AVIA_PAR_NL(1.0),25/09/24 11:00:00,A,PAS,PAS_CRD,NL_EHAM_DE_EDDT,2017,593605,
ESTAT:AVIA_PAR_NL(1.0),25/09/24 11:00:00,A,PAS,PAS_CRD,NL_EHAM_DE_EDDT,2018,662422,
ESTAT:AVIA_PAR_NL(1.0),25/09/24 11:00:00,A,PAS,PAS_CRD,NL_EHAM_DE_EDDT,2019,687425,
ESTAT:AVIA_PAR_NL(1.0),25/09/24 11:00:00,A,PAS,PAS_CRD,NL_EHAM_DE_EDDV,2016,177897,
ESTAT:AVIA_PAR_NL(1.0),25/09/24 11:00:00,A,PAS,PAS_CRD,NL_EHAM_DE_EDDV,2017,179109,
ESTAT:AVIA_PAR_NL(1.0),25/09/24 11:00:00,A,PAS,PAS_CRD,NL_EHAM_DE_EDDV,2018,193515,
ESTAT:AVIA_PAR_NL(1.0),25/09/24 11:00:00,A,PAS,PAS_CRD,NL_EHAM_DE_EDDV,2019,202215,
ESTAT:AVIA_PAR_NL(1.0),25/09/24 11:00:00,A,PAS,PAS_CRD,NL_EHAM_DE_EDDW,2016,155555,
ESTAT:AVIA_PAR_NL(1.0),25/09/24 11:00:00,A,PAS,PAS_CRD,NL_EHAM_DE_EDDW,2017,164449,
ESTAT:AVIA_PAR_NL(1.0),25/09/24 11:00:00,A,PAS,PAS_CRD,NL_EHAM_DE_EDDW,2018,172691,
ESTAT:AVIA_PAR_NL(1.0),25/09/24 11:00:00,A,PAS,PAS_CRD,NL_EHAM_DE_EDDW,2019,172038,
ESTAT:AVIA_PAR_NL(1.0),25/09/24 11:00:00,A,PAS,PAS_CRD,NL_EHAM_ES_GCFV,2016,105624,
ESTAT:AVIA_PAR_NL(1.0),25/09/24 11:00:00,A,PAS,PAS_CRD,NL_EHAM_ES_GCFV,2017,130303,
ESTAT:AVIA_PAR_NL(1.0),25/09/24 11:00:00,A,PAS,PAS_CRD,NL_EHAM_ES_GCFV,2018,120925,
ESTAT:AVIA_PAR_NL(1.0),25/09/24 11:00:00,A,PAS,PAS_CRD,NL_EHAM_ES_GCFV,2019,117443,
ESTAT:AVIA_PAR_NL(1.0),25/09/24 11:00:00,A,PAS,PAS_CRD,NL_EHAM_ES_GCLP,2016,352998,
ESTAT:AVIA_PAR_NL(1.0),25/09/24 11:00:00,A,PAS,PAS_CRD,NL_EHAM_ES_GCLP,2017,334793,
ESTAT:AVIA_PAR_NL(1.0),25/09/24 11:00:00,A,PAS,PAS_CRD,NL_EHAM_ES_GCLP,2018,312694,
ESTAT:AVIA_PAR_NL(1.0),25/09/24 11:00:00,A,PAS,PAS_CRD,NL_EHAM_ES_GCLP,2019,293115,
ESTAT:AVIA_PAR_NL(1.0),25/09/24 11:00:00,A,PAS,PAS_CRD,NL_EHAM_ES_GCRR,2016,136861,
ESTAT:AVIA_PAR_NL(1.0),25/09/24 11:00:00,A,PAS,PAS_CRD,NL_EHAM_ES_GCRR,2017,167406,
ESTAT:AVIA_PAR_NL(1.0),25/09/24 11:00:00,A,PAS,PAS_CRD,NL_EHAM_ES_GCRR,2018,145074,
ESTAT:AVIA_PAR_NL(1.0),25/09/24 11:00:00,A,PAS,PAS_CRD,NL_EHAM_ES_GCRR,2019,119471,
ESTAT:AVIA_PAR_NL(1.0),25/09/24 11:00:00,A,PAS,PAS_CRD,NL_EHAM_ES_GCTS,2016,270226,
ESTAT:AVIA_PAR_NL(1.0),25/09/24 11:00:00,A,PAS,PAS_CRD,NL_EHAM_ES_GCTS,2017,276321,
ESTAT:AVIA_PAR_NL(1.0),25/09/24 11:00:00,A,PAS,PAS_CRD,NL_EHAM_ES_GCTS,2018,261957,
ESTAT:AVIA_PAR_NL(1.0),25/09/24 11:00:00,A,PAS,PAS_CRD,NL_EHAM_ES_GCTS,2019,219842,
ESTAT:AVIA_PAR_NL(1.0),25/09/24 11:00:00,A,PAS,PAS_CRD,NL_EHAM_ES_LEAL,2016,394192,
ESTAT:AVIA_PAR_NL(1.0),25/09/24 11:00:00,A,PAS,PAS_CRD,NL_EHAM_ES_LEAL,2017,474775,
ESTAT:AVIA_PAR_NL(1.0),25/09/24 11:00:00,A,PAS,PAS_CRD,NL_EHAM_ES_LEAL,2018,435134,
ESTAT:AVIA_PAR_NL(1.0),25/09/24 11:00:00,A,PAS,PAS_CRD,NL_EHAM_ES_LEAL,2019,436604,
ESTAT:AVIA_PAR_NL(1.0),25/09/24 11:00:00,A,PAS,PAS_CRD,NL_EHAM_ES_LEBB,2016,193664,
ESTAT:AVIA_PAR_NL(1.0),25/09/24 11:00:00,A,PAS,PAS_CRD,NL_EHAM_ES_LEBB,2017,220642,
ESTAT:AVIA_PAR_NL(1.0),25/09/24 11:00:00,A,PAS,PAS_CRD,NL_EHAM_ES_LEBB,2018,233450,
ESTAT:AVIA_PAR_NL(1.0),25/09/24 11:00:00,A,PAS,PAS_CRD,NL_EHAM_ES_LEBB,2019,242130,
ESTAT:AVIA_PAR_NL(1.0),25/09/24 11:00:00,A,PAS,PAS_CRD,NL_EHAM_ES_LEBL,2016,1305451,
ESTAT:AVIA_PAR_NL(1.0),25/09/24 11:00:00,A,PAS,PAS_CRD,NL_EHAM_ES_LEBL,2017,1361453,
ESTAT:AVIA_PAR_NL(1.0),25/09/24 11:00:00,A,PAS,PAS_CRD,NL_EHAM_ES_LEBL,2018,1418969,
ESTAT:AVIA_PAR_NL(1.0),25/09/24 11:00:00,A,PAS,PAS_CRD,NL_EHAM_ES_LEBL,2019,1382746,
ESTAT:AVIA_PAR_NL(1.0),25/09/24 11:00:00,A,PAS,PAS_CRD,NL_EHAM_ES_LEGE,2016,85318,
ESTAT:AVIA_PAR_NL(1.0),25/09/24 11:00:00,A,PAS,PAS_CRD,NL_EHAM_ES_LEGE,2017,78320,
ESTAT:AVIA_PAR_NL(1.0),25/09/24 11:00:00,A,PAS,PAS_CRD,NL_EHAM_ES_LEIB,2016,293863,
ESTAT:AVIA_PAR_NL(1.0),25/09/24 11:00:00,A,PAS,PAS_CRD,NL_EHAM_ES_LEIB,2017,329405,
ESTAT:AVIA_PAR_NL(1.0),25/09/24 11:00:00,A,PAS,PAS_CRD,NL_EHAM_ES_LEIB,2018,326145,
ESTAT:AVIA_PAR_NL(1.0),25/09/24 11:00:00,A,PAS,PAS_CRD,NL_EHAM_ES_LEIB,2019,297716,
ESTAT:AVIA_PAR_NL(1.0),25/09/24 11:00:00,A,PAS,PAS_CRD,NL_EHAM_ES_LEMD,2016,992297,
ESTAT:AVIA_PAR_NL(1.0),25/09/24 11:00:00,A,PAS,PAS_CRD,NL_EHAM_ES_LEMD,2017,1021986,
ESTAT:AVIA_PAR_NL(1.0),25/09/24 11:00:00,A,PAS,PAS_CRD,NL_EHAM_ES_LEMD,2018,1035801,
ESTAT:AVIA_PAR_NL(1.0),25/09/24 11:00:00,A,PAS,PAS_CRD,NL_EHAM_ES_LEMD,2019,1140173,
ESTAT:AVIA_PAR_NL(1.0),25/09/24 11:00:00,A,PAS,PAS_CRD,NL_EHAM_ES_LEMG,2016,536779,
ESTAT:AVIA_PAR_NL(1.0),25/09/24 11:00:00,A,PAS,PAS_CRD,NL_EHAM_ES_LEMG,2017,703531,
ESTAT:AVIA_PAR_NL(1.0),25/09/24 11:00:00,A,PAS,PAS_CRD,NL_EHAM_ES_LEMG,2018,654950,
ESTAT:AVIA_PAR_NL(1.0),25/09/24 11:00:00,A,PAS,PAS_CRD,NL_EHAM_ES_LEMG,2019,656716,
ESTAT:AVIA_PAR_NL(1.0),25/09/24 11:00:00,A,PAS,PAS_CRD,NL_EHAM_ES_LEPA,2016,305454,
ESTAT:AVIA_PAR_NL(1.0),25/09/24 11:00:00,A,PAS,PAS_CRD,NL_EHAM_ES_LEPA,2017,324966,
ESTAT:AVIA_PAR_NL(1.0),25/09/24 11:00:00,A,PAS,PAS_CRD,NL_EHAM_ES_LEPA,2018,309107,
ESTAT:AVIA_PAR_NL(1.0),25/09/24 11:00:00,A,PAS,PAS_CRD,NL_EHAM_ES_LEPA,2019,294489,
ESTAT:AVIA_PAR_NL(1.0),25/09/24 11:00:00,A,PAS,PAS_CRD,NL_EHAM_ES_LEVC,2016,262177,
ESTAT:AVIA_PAR_NL(1.0),25/09/24 11:00:00,A,PAS,PAS_CRD,NL_EHAM_ES_LEVC,2017,293600,
ESTAT:AVIA_PAR_NL(1.0),25/09/24 11:00:00,A,PAS,PAS_CRD,NL_EHAM_ES_LEVC,2018,375529,
ESTAT:AVIA_PAR_NL(1.0),25/09/24 11:00:00,A,PAS,PAS_CRD,NL_EHAM_ES_LEVC,2019,375055,
ESTAT:AVIA_PAR_NL(1.0),25/09/24 11:00:00,A,PAS,PAS_CRD,NL_EHAM_ES_LEZL,2016,136069,
ESTAT:AVIA_PAR_NL(1.0),25/09/24 11:00:00,A,PAS,PAS_CRD,NL_EHAM_ES_LEZL,2017,130739,
ESTAT:AVIA_PAR_NL(1.0),25/09/24 11:00:00,A,PAS,PAS_CRD,NL_EHAM_ES_LEZL,2018,140104,
ESTAT:AVIA_PAR_NL(1.0),25/09/24 11:00:00,A,PAS,PAS_CRD,NL_EHAM_ES_LEZL,2019,149709,
ESTAT:AVIA_PAR_NL(1.0),25/09/24 11:00:00,A,PAS,PAS_CRD,NL_EHAM_FR_LFBD,2016,313508,
ESTAT:AVIA_PAR_NL(1.0),25/09/24 11:00:00,A,PAS,PAS_CRD,NL_EHAM_FR_LFBD,2017,306759,
ESTAT:AVIA_PAR_NL(1.0),25/09/24 11:00:00,A,PAS,PAS_CRD,NL_EHAM_FR_LFBD,2018,311246,
ESTAT:AVIA_PAR_NL(1.0),25/09/24 11:00:00,A,PAS,PAS_CRD,NL_EHAM_FR_LFBD,2019,300078,
ESTAT:AVIA_PAR_NL(1.0),25/09/24 11:00:00,A,PAS,PAS_CRD,NL_EHAM_FR_LFBO,2016,274276,
ESTAT:AVIA_PAR_NL(1.0),25/09/24 11:00:00,A,PAS,PAS_CRD,NL_EHAM_FR_LFBO,2017,273664,
ESTAT:AVIA_PAR_NL(1.0),25/09/24 11:00:00,A,PAS,PAS_CRD,NL_EHAM_FR_LFBO,2018,264876,
ESTAT:AVIA_PAR_NL(1.0),25/09/24 11:00:00,A,PAS,PAS_CRD,NL_EHAM_FR_LFBO,2019,256708,
ESTAT:AVIA_PAR_NL(1.0),25/09/24 11:00:00,A,PAS,PAS_CRD,NL_EHAM_FR_LFLL,2016,341185,
ESTAT:AVIA_PAR_NL(1.0),25/09/24 11:00:00,A,PAS,PAS_CRD,NL_EHAM_FR_LFLL,2017,356695,
ESTAT:AVIA_PAR_NL(1.0),25/09/24 11:00:00,A,PAS,PAS_CRD,NL_EHAM_FR_LFLL,2018,340105,
ESTAT:AVIA_PAR_NL(1.0),25/09/24 11:00:00,A,PAS,PAS_CRD,NL_EHAM_FR_LFLL,2019,323987,
ESTAT:AVIA_PAR_NL(1.0),25/09/24 11:00:00,A,PAS,PAS_CRD,NL_EHAM_FR_LFML,2016,309774,
ESTAT:AVIA_PAR_NL(1.0),25/09/24 11:00:00,A,PAS,PAS_CRD,NL_EHAM_FR_LFML,2017,333602,
ESTAT:AVIA_PAR_NL(1.0),25/09/24 11:00:00,A,PAS,PAS_CRD,NL_EHAM_FR_LFML,2018,328667,
ESTAT:AVIA_PAR_NL(1.0),25/09/24 11:00:00,A,PAS,PAS_CRD,NL_EHAM_FR_LFML,2019,298167,
ESTAT:AVIA_PAR_NL(1.0),25/09/24 11:00:00,A,PAS,PAS_CRD,NL_EHAM_FR_LFMN,2016,450615,
ESTAT:AVIA_PAR_NL(1.0),25/09/24 11:00:00,A,PAS,PAS_CRD,NL_EHAM_FR_LFMN,2017,490013,
ESTAT:AVIA_PAR_NL(1.0),25/09/24 11:00:00,A,PAS,PAS_CRD,NL_EHAM_FR_LFMN,2018,464724,
ESTAT:AVIA_PAR_NL(1.0),25/09/24 11:00:00,A,PAS,PAS_CRD,NL_EHAM_FR_LFMN,2019,479882,
ESTAT:AVIA_PAR_NL(1.0),25/09/24 11:00:00,A,PAS,PAS_CRD,NL_EHAM_FR_LFMT,2019,86508,
ESTAT:AVIA_PAR_NL(1.0),25/09/24 11:00:00,A,PAS,PAS_CRD,NL_EHAM_FR_LFPG,2016,1182306,
ESTAT:AVIA_PAR_NL(1.0),25/09/24 11:00:00,A,PAS,PAS_CRD,NL_EHAM_FR_LFPG,2017,1263478,
ESTAT:AVIA_PAR_NL(1.0),25/09/24 11:00:00,A,PAS,PAS_CRD,NL_EHAM_FR_LFPG,2018,1238226,
ESTAT:AVIA_PAR_NL(1.0),25/09/24 11:00:00,A,PAS,PAS_CRD,NL_EHAM_FR_LFPG,2019,1239789,
ESTAT:AVIA_PAR_NL(1.0),25/09/24 11:00:00,A,PAS,PAS_CRD,NL_EHAM_FR_LFPO,2016,139264,
ESTAT:AVIA_PAR_NL(1.0),25/09/24 11:00:00,A,PAS,PAS_CRD,NL_EHAM_FR_LFPO,2017,158917,
ESTAT:AVIA_PAR_NL(1.0),25/09/24 11:00:00,A,PAS,PAS_CRD,NL_EHAM_FR_LFPO,2018,168550,
ESTAT:AVIA_PAR_NL(1.0),25/09/24 11:00:00,A,PAS,PAS_CRD,NL_EHAM_FR_LFPO,2019,148214,
ESTAT:AVIA_PAR_NL(1.0),25/09/24 11:00:00,A,PAS,PAS_CRD,NL_EHAM_FR_LFRS,2016,130651,
ESTAT:AVIA_PAR_NL(1.0),25/09/24 11:00:00,A,PAS,PAS_CRD,NL_EHAM_FR_LFRS,2017,160977,
ESTAT:AVIA_PAR_NL(1.0),25/09/24 11:00:00,A,PAS,PAS_CRD,NL_EHAM_FR_LFRS,2018,187022,
ESTAT:AVIA_PAR_NL(1.0),25/09/24 11:00:00,A,PAS,PAS_CRD,NL_EHAM_FR_LFRS,2019,193100,
ESTAT:AVIA_PAR_NL(1.0),25/09/24 11:00:00,A,PAS,PAS_CRD,NL_EHAM_FR_LFST,2016,76863,
ESTAT:AVIA_PAR_NL(1.0),25/09/24 11:00:00,A,PAS,PAS_CRD,NL_EHAM_FR_LFST,2017,80806,
ESTAT:AVIA_PAR_NL(1.0),25/09/24 11:00:00,A,PAS,PAS_CRD,NL_EHAM_FR_LFST,2018,90669,
ESTAT:AVIA_PAR_NL(1.0),25/09/24 11:00:00,A,PAS,PAS_CRD,NL_EHAM_FR_LFST,2019,93793,
ESTAT:AVIA_PAR_NL(1.0),25/09/24 11:00:00,A,PAS,PAS_CRD,NL_EHAM_LU_ELLX,2016,164747,
ESTAT:AVIA_PAR_NL(1.0),25/09/24 11:00:00,A,PAS,PAS_CRD,NL_EHAM_LU_ELLX,2017,168231,
ESTAT:AVIA_PAR_NL(1.0),25/09/24 11:00:00,A,PAS,PAS_CRD,NL_EHAM_LU_ELLX,2018,181075,
ESTAT:AVIA_PAR_NL(1.0),25/09/24 11:00:00,A,PAS,PAS_CRD,NL_EHAM_LU_ELLX,2019,185681,
ESTAT:AVIA_PAR_NL(1.0),25/09/24 11:00:00,A,PAS,PAS_CRD,NL_EHBK_ES_LEAL,2016,46272,
ESTAT:AVIA_PAR_NL(1.0),25/09/24 11:00:00,A,PAS,PAS_CRD,NL_EHBK_ES_LEAL,2017,46093,
ESTAT:AVIA_PAR_NL(1.0),25/09/24 11:00:00,A,PAS,PAS_CRD,NL_EHBK_ES_LEAL,2018,46080,
ESTAT:AVIA_PAR_NL(1.0),25/09/24 11:00:00,A,PAS,PAS_CRD,NL_EHBK_ES_LEAL,2019,47308,
ESTAT:AVIA_PAR_NL(1.0),25/09/24 11:00:00,A,PAS,PAS_CRD,NL_EHBK_ES_LEGE,2016,22868,
ESTAT:AVIA_PAR_NL(1.0),25/09/24 11:00:00,A,PAS,PAS_CRD,NL_EHBK_ES_LEGE,2017,22740,
ESTAT:AVIA_PAR_NL(1.0),25/09/24 11:00:00,A,PAS,PAS_CRD,NL_EHBK_ES_LEGE,2018,17961,
ESTAT:AVIA_PAR_NL(1.0),25/09/24 11:00:00,A,PAS,PAS_CRD,NL_EHBK_ES_LEGE,2019,20790,
ESTAT:AVIA_PAR_NL(1.0),25/09/24 11:00:00,A,PAS,PAS_CRD,NL_EHEH_DE_EDDM,2016,77400,
ESTAT:AVIA_PAR_NL(1.0),25/09/24 11:00:00,A,PAS,PAS_CRD,NL_EHEH_DE_EDDM,2017,47954,
ESTAT:AVIA_PAR_NL(1.0),25/09/24 11:00:00,A,PAS,PAS_CRD,NL_EHEH_ES_GCLP,2016,64590,
ESTAT:AVIA_PAR_NL(1.0),25/09/24 11:00:00,A,PAS,PAS_CRD,NL_EHEH_ES_GCLP,2017,87799,
ESTAT:AVIA_PAR_NL(1.0),25/09/24 11:00:00,A,PAS,PAS_CRD,NL_EHEH_ES_GCLP,2018,90481,
ESTAT:AVIA_PAR_NL(1.0),25/09/24 11:00:00,A,PAS,PAS_CRD,NL_EHEH_ES_GCLP,2019,87192,
ESTAT:AVIA_PAR_NL(1.0),25/09/24 11:00:00,A,PAS,PAS_CRD,NL_EHEH_ES_GCRR,2016,56300,
ESTAT:AVIA_PAR_NL(1.0),25/09/24 11:00:00,A,PAS,PAS_CRD,NL_EHEH_ES_GCRR,2017,55623,
ESTAT:AVIA_PAR_NL(1.0),25/09/24 11:00:00,A,PAS,PAS_CRD,NL_EHEH_ES_GCRR,2018,52450,
ESTAT:AVIA_PAR_NL(1.0),25/09/24 11:00:00,A,PAS,PAS_CRD,NL_EHEH_ES_GCTS,2016,46404,
ESTAT:AVIA_PAR_NL(1.0),25/09/24 11:00:00,A,PAS,PAS_CRD,NL_EHEH_ES_GCTS,2017,69384,
ESTAT:AVIA_PAR_NL(1.0),25/09/24 11:00:00,A,PAS,PAS_CRD,NL_EHEH_ES_GCTS,2018,68716,
ESTAT:AVIA_PAR_NL(1.0),25/09/24 11:00:00,A,PAS,PAS_CRD,NL_EHEH_ES_GCTS,2019,75346,
ESTAT:AVIA_PAR_NL(1.0),25/09/24 11:00:00,A,PAS,PAS_CRD,NL_EHEH_ES_LEAL,2016,218068,
ESTAT:AVIA_PAR_NL(1.0),25/09/24 11:00:00,A,PAS,PAS_CRD,NL_EHEH_ES_LEAL,2017,263327,
ESTAT:AVIA_PAR_NL(1.0),25/09/24 11:00:00,A,PAS,PAS_CRD,NL_EHEH_ES_LEAL,2018,273966,
ESTAT:AVIA_PAR_NL(1.0),25/09/24 11:00:00,A,PAS,PAS_CRD,NL_EHEH_ES_LEAL,2019,287100,
ESTAT:AVIA_PAR_NL(1.0),25/09/24 11:00:00,A,PAS,PAS_CRD,NL_EHEH_ES_LEBL,2016,147626,
ESTAT:AVIA_PAR_NL(1.0),25/09/24 11:00:00,A,PAS,PAS_CRD,NL_EHEH_ES_LEBL,2017,176380,
ESTAT:AVIA_PAR_NL(1.0),25/09/24 11:00:00,A,PAS,PAS_CRD,NL_EHEH_ES_LEBL,2018,154676,
ESTAT:AVIA_PAR_NL(1.0),25/09/24 11:00:00,A,PAS,PAS_CRD,NL_EHEH_ES_LEBL,2019,143804,
ESTAT:AVIA_PAR_NL(1.0),25/09/24 11:00:00,A,PAS,PAS_CRD,NL_EHEH_ES_LEGE,2016,87100,
ESTAT:AVIA_PAR_NL(1.0),25/09/24 11:00:00,A,PAS,PAS_CRD,NL_EHEH_ES_LEGE,2017,96124,
ESTAT:AVIA_PAR_NL(1.0),25/09/24 11:00:00,A,PAS,PAS_CRD,NL_EHEH_ES_LEGE,2018,92842,
ESTAT:AVIA_PAR_NL(1.0),25/09/24 11:00:00,A,PAS,PAS_CRD,NL_EHEH_ES_LEGE,2019,96515,
ESTAT:AVIA_PAR_NL(1.0),25/09/24 11:00:00,A,PAS,PAS_CRD,NL_EHEH_ES_LEIB,2016,125987,
ESTAT:AVIA_PAR_NL(1.0),25/09/24 11:00:00,A,PAS,PAS_CRD,NL_EHEH_ES_LEIB,2017,156008,
ESTAT:AVIA_PAR_NL(1.0),25/09/24 11:00:00,A,PAS,PAS_CRD,NL_EHEH_ES_LEIB,2018,165700,
ESTAT:AVIA_PAR_NL(1.0),25/09/24 11:00:00,A,PAS,PAS_CRD,NL_EHEH_ES_LEIB,2019,174637,
ESTAT:AVIA_PAR_NL(1.0),25/09/24 11:00:00,A,PAS,PAS_CRD,NL_EHEH_ES_LELC,2016,25598,
ESTAT:AVIA_PAR_NL(1.0),25/09/24 11:00:00,A,PAS,PAS_CRD,NL_EHEH_ES_LEMD,2016,56910,
ESTAT:AVIA_PAR_NL(1.0),25/09/24 11:00:00,A,PAS,PAS_CRD,NL_EHEH_ES_LEMD,2017,63947,
ESTAT:AVIA_PAR_NL(1.0),25/09/24 11:00:00,A,PAS,PAS_CRD,NL_EHEH_ES_LEMD,2018,76480,
ESTAT:AVIA_PAR_NL(1.0),25/09/24 11:00:00,A,PAS,PAS_CRD,NL_EHEH_ES_LEMD,2019,74743,
ESTAT:AVIA_PAR_NL(1.0),25/09/24 11:00:00,A,PAS,PAS_CRD,NL_EHEH_ES_LEMG,2016,212062,
ESTAT:AVIA_PAR_NL(1.0),25/09/24 11:00:00,A,PAS,PAS_CRD,NL_EHEH_ES_LEMG,2017,273459,
ESTAT:AVIA_PAR_NL(1.0),25/09/24 11:00:00,A,PAS,PAS_CRD,NL_EHEH_ES_LEMG,2018,282586,
ESTAT:AVIA_PAR_NL(1.0),25/09/24 11:00:00,A,PAS,PAS_CRD,NL_EHEH_ES_LEMG,2019,293985,
ESTAT:AVIA_PAR_NL(1.0),25/09/24 11:00:00,A,PAS,PAS_CRD,NL_EHEH_ES_LEPA,2016,109389,
ESTAT:AVIA_PAR_NL(1.0),25/09/24 11:00:00,A,PAS,PAS_CRD,NL_EHEH_ES_LEPA,2017,134170,
ESTAT:AVIA_PAR_NL(1.0),25/09/24 11:00:00,A,PAS,PAS_CRD,NL_EHEH_ES_LEPA,2018,138036,
ESTAT:AVIA_PAR_NL(1.0),25/09/24 11:00:00,A,PAS,PAS_CRD,NL_EHEH_ES_LEPA,2019,151690,
ESTAT:AVIA_PAR_NL(1.0),25/09/24 11:00:00,A,PAS,PAS_CRD,NL_EHEH_ES_LERS,2016,62246,
ESTAT:AVIA_PAR_NL(1.0),25/09/24 11:00:00,A,PAS,PAS_CRD,NL_EHEH_ES_LERS,2017,71521,
ESTAT:AVIA_PAR_NL(1.0),25/09/24 11:00:00,A,PAS,PAS_CRD,NL_EHEH_ES_LERS,2018,64507,
ESTAT:AVIA_PAR_NL(1.0),25/09/24 11:00:00,A,PAS,PAS_CRD,NL_EHEH_ES_LERS,2019,52211,
ESTAT:AVIA_PAR_NL(1.0),25/09/24 11:00:00,A,PAS,PAS_CRD,NL_EHEH_ES_LEVC,2016,84623,
ESTAT:AVIA_PAR_NL(1.0),25/09/24 11:00:00,A,PAS,PAS_CRD,NL_EHEH_ES_LEVC,2017,137587,
ESTAT:AVIA_PAR_NL(1.0),25/09/24 11:00:00,A,PAS,PAS_CRD,NL_EHEH_ES_LEVC,2018,210056,
ESTAT:AVIA_PAR_NL(1.0),25/09/24 11:00:00,A,PAS,PAS_CRD,NL_EHEH_ES_LEVC,2019,226543,
ESTAT:AVIA_PAR_NL(1.0),25/09/24 11:00:00,A,PAS,PAS_CRD,NL_EHEH_ES_LEZL,2016,34228,
ESTAT:AVIA_PAR_NL(1.0),25/09/24 11:00:00,A,PAS,PAS_CRD,NL_EHEH_ES_LEZL,2017,43474,
ESTAT:AVIA_PAR_NL(1.0),25/09/24 11:00:00,A,PAS,PAS_CRD,NL_EHEH_ES_LEZL,2018,86074,
ESTAT:AVIA_PAR_NL(1.0),25/09/24 11:00:00,A,PAS,PAS_CRD,NL_EHEH_ES_LEZL,2019,97742,
ESTAT:AVIA_PAR_NL(1.0),25/09/24 11:00:00,A,PAS,PAS_CRD,NL_EHEH_FR_LFML,2016,52487,
ESTAT:AVIA_PAR_NL(1.0),25/09/24 11:00:00,A,PAS,PAS_CRD,NL_EHEH_FR_LFML,2017,55160,
ESTAT:AVIA_PAR_NL(1.0),25/09/24 11:00:00,A,PAS,PAS_CRD,NL_EHEH_FR_LFML,2018,41675,
ESTAT:AVIA_PAR_NL(1.0),25/09/24 11:00:00,A,PAS,PAS_CRD,NL_EHEH_FR_LFML,2019,45037,
ESTAT:AVIA_PAR_NL(1.0),25/09/24 11:00:00,A,PAS,PAS_CRD,NL_EHEH_FR_LFMN,2016,63781,
ESTAT:AVIA_PAR_NL(1.0),25/09/24 11:00:00,A,PAS,PAS_CRD,NL_EHEH_FR_LFMN,2017,77424,
ESTAT:AVIA_PAR_NL(1.0),25/09/24 11:00:00,A,PAS,PAS_CRD,NL_EHEH_FR_LFMN,2018,82078,
ESTAT:AVIA_PAR_NL(1.0),25/09/24 11:00:00,A,PAS,PAS_CRD,NL_EHEH_FR_LFMN,2019,70882,
ESTAT:AVIA_PAR_NL(1.0),25/09/24 11:00:00,A,PAS,PAS_CRD,NL_EHGG_DE_EDDM,2018,15751,
ESTAT:AVIA_PAR_NL(1.0),25/09/24 11:00:00,A,PAS,PAS_CRD,NL_EHGG_ES_GCLP,2016,16362,
ESTAT:AVIA_PAR_NL(1.0),25/09/24 11:00:00,A,PAS,PAS_CRD,NL_EHGG_ES_GCLP,2017,31429,
ESTAT:AVIA_PAR_NL(1.0),25/09/24 11:00:00,A,PAS,PAS_CRD,NL_EHGG_ES_GCLP,2018,23163,
ESTAT:AVIA_PAR_NL(1.0),25/09/24 11:00:00,A,PAS,PAS_CRD,NL_EHGG_ES_GCLP,2019,34002,
ESTAT:AVIA_PAR_NL(1.0),25/09/24 11:00:00,A,PAS,PAS_CRD,NL_EHGG_ES_GCRR,2016,11224,
ESTAT:AVIA_PAR_NL(1.0),25/09/24 11:00:00,A,PAS,PAS_CRD,NL_EHGG_ES_GCRR,2017,17905,
ESTAT:AVIA_PAR_NL(1.0),25/09/24 11:00:00,A,PAS,PAS_CRD,NL_EHGG_ES_GCRR,2018,10336,
ESTAT:AVIA_PAR_NL(1.0),25/09/24 11:00:00,A,PAS,PAS_CRD,NL_EHGG_ES_GCTS,2019,13734,
ESTAT:AVIA_PAR_NL(1.0),25/09/24 11:00:00,A,PAS,PAS_CRD,NL_EHGG_ES_LEPA,2016,15862,
ESTAT:AVIA_PAR_NL(1.0),25/09/24 11:00:00,A,PAS,PAS_CRD,NL_EHGG_ES_LEPA,2017,15782,
ESTAT:AVIA_PAR_NL(1.0),25/09/24 11:00:00,A,PAS,PAS_CRD,NL_EHGG_ES_LEPA,2018,15838,
ESTAT:AVIA_PAR_NL(1.0),25/09/24 11:00:00,A,PAS,PAS_CRD,NL_EHGG_ES_LEPA,2019,16756,
ESTAT:AVIA_PAR_NL(1.0),25/09/24 11:00:00,A,PAS,PAS_CRD,NL_EHRD_DE_EDDB,2016,60006,
ESTAT:AVIA_PAR_NL(1.0),25/09/24 11:00:00,A,PAS,PAS_CRD,NL_EHRD_DE_EDDB,2017,50055,
ESTAT:AVIA_PAR_NL(1.0),25/09/24 11:00:00,A,PAS,PAS_CRD,NL_EHRD_DE_EDDM,2016,34241,
ESTAT:AVIA_PAR_NL(1.0),25/09/24 11:00:00,A,PAS,PAS_CRD,NL_EHRD_ES_GCLP,2017,29886,
ESTAT:AVIA_PAR_NL(1.0),25/09/24 11:00:00,A,PAS,PAS_CRD,NL_EHRD_ES_GCLP,2018,37740,
ESTAT:AVIA_PAR_NL(1.0),25/09/24 11:00:00,A,PAS,PAS_CRD,NL_EHRD_ES_GCLP,2019,29635,
ESTAT:AVIA_PAR_NL(1.0),25/09/24 11:00:00,A,PAS,PAS_CRD,NL_EHRD_ES_GCRR,2019,33145,
ESTAT:AVIA_PAR_NL(1.0),25/09/24 11:00:00,A,PAS,PAS_CRD,NL_EHRD_ES_GCTS,2016,21122,
ESTAT:AVIA_PAR_NL(1.0),25/09/24 11:00:00,A,PAS,PAS_CRD,NL_EHRD_ES_GCTS,2017,28740,
ESTAT:AVIA_PAR_NL(1.0),25/09/24 11:00:00,A,PAS,PAS_CRD,NL_EHRD_ES_GCTS,2018,36601,
ESTAT:AVIA_PAR_NL(1.0),25/09/24 11:00:00,A,PAS,PAS_CRD,NL_EHRD_ES_GCTS,2019,37792,
ESTAT:AVIA_PAR_NL(1.0),25/09/24 11:00:00,A,PAS,PAS_CRD,NL_EHRD_ES_LEAL,2016,110239,
ESTAT:AVIA_PAR_NL(1.0),25/09/24 11:00:00,A,PAS,PAS_CRD,NL_EHRD_ES_LEAL,2017,138263,
ESTAT:AVIA_PAR_NL(1.0),25/09/24 11:00:00,A,PAS,PAS_CRD,NL_EHRD_ES_LEAL,2018,152677,
ESTAT:AVIA_PAR_NL(1.0),25/09/24 11:00:00,A,PAS,PAS_CRD,NL_EHRD_ES_LEAL,2019,171907,
ESTAT:AVIA_PAR_NL(1.0),25/09/24 11:00:00,A,PAS,PAS_CRD,NL_EHRD_ES_LEAM,2018,26497,
ESTAT:AVIA_PAR_NL(1.0),25/09/24 11:00:00,A,PAS,PAS_CRD,NL_EHRD_ES_LEAM,2019,25842,
ESTAT:AVIA_PAR_NL(1.0),25/09/24 11:00:00,A,PAS,PAS_CRD,NL_EHRD_ES_LEBL,2016,154030,
ESTAT:AVIA_PAR_NL(1.0),25/09/24 11:00:00,A,PAS,PAS_CRD,NL_EHRD_ES_LEBL,2017,148961,
ESTAT:AVIA_PAR_NL(1.0),25/09/24 11:00:00,A,PAS,PAS_CRD,NL_EHRD_ES_LEBL,2018,112564,
ESTAT:AVIA_PAR_NL(1.0),25/09/24 11:00:00,A,PAS,PAS_CRD,NL_EHRD_ES_LEBL,2019,88583,
ESTAT:AVIA_PAR_NL(1.0),25/09/24 11:00:00,A,PAS,PAS_CRD,NL_EHRD_ES_LEGE,2016,26832,
ESTAT:AVIA_PAR_NL(1.0),25/09/24 11:00:00,A,PAS,PAS_CRD,NL_EHRD_ES_LEGE,2017,54950,
ESTAT:AVIA_PAR_NL(1.0),25/09/24 11:00:00,A,PAS,PAS_CRD,NL_EHRD_ES_LEGE,2018,55059,
ESTAT:AVIA_PAR_NL(1.0),25/09/24 11:00:00,A,PAS,PAS_CRD,NL_EHRD_ES_LEGE,2019,60659,
ESTAT:AVIA_PAR_NL(1.0),25/09/24 11:00:00,A,PAS,PAS_CRD,NL_EHRD_ES_LEIB,2016,52307,
ESTAT:AVIA_PAR_NL(1.0),25/09/24 11:00:00,A,PAS,PAS_CRD,NL_EHRD_ES_LEIB,2017,75670,
ESTAT:AVIA_PAR_NL(1.0),25/09/24 11:00:00,A,PAS,PAS_CRD,NL_EHRD_ES_LEIB,2018,82576,
ESTAT:AVIA_PAR_NL(1.0),25/09/24 11:00:00,A,PAS,PAS_CRD,NL_EHRD_ES_LEIB,2019,89292,
ESTAT:AVIA_PAR_NL(1.0),25/09/24 11:00:00,A,PAS,PAS_CRD,NL_EHRD_ES_LEMG,2016,126034,
ESTAT:AVIA_PAR_NL(1.0),25/09/24 11:00:00,A,PAS,PAS_CRD,NL_EHRD_ES_LEMG,2017,155925,
ESTAT:AVIA_PAR_NL(1.0),25/09/24 11:00:00,A,PAS,PAS_CRD,NL_EHRD_ES_LEMG,2018,169999,
ESTAT:AVIA_PAR_NL(1.0),25/09/24 11:00:00,A,PAS,PAS_CRD,NL_EHRD_ES_LEMG,2019,171613,
ESTAT:AVIA_PAR_NL(1.0),25/09/24 11:00:00,A,PAS,PAS_CRD,NL_EHRD_ES_LEPA,2016,50757,
ESTAT:AVIA_PAR_NL(1.0),25/09/24 11:00:00,A,PAS,PAS_CRD,NL_EHRD_ES_LEPA,2017,67739,
ESTAT:AVIA_PAR_NL(1.0),25/09/24 11:00:00,A,PAS,PAS_CRD,NL_EHRD_ES_LEPA,2018,76743,
ESTAT:AVIA_PAR_NL(1.0),25/09/24 11:00:00,A,PAS,PAS_CRD,NL_EHRD_ES_LEPA,2019,81824,
ESTAT:AVIA_PAR_NL(1.0),25/09/24 11:00:00,A,PAS,PAS_CRD,NL_EHRD_ES_LEVC,2017,31638,
ESTAT:AVIA_PAR_NL(1.0),25/09/24 11:00:00,A,PAS,PAS_CRD,NL_EHRD_ES_LEVC,2018,47949,
ESTAT:AVIA_PAR_NL(1.0),25/09/24 11:00:00,A,PAS,PAS_CRD,NL_EHRD_ES_LEVC,2019,48066,
ESTAT:AVIA_PAR_NL(1.0),25/09/24 11:00:00,A,PAS,PAS_CRD,NL_EHRD_FR_LFBE,2017,39902,
ESTAT:AVIA_PAR_NL(1.0),25/09/24 11:00:00,A,PAS,PAS_CRD,NL_EHRD_FR_LFBE,2018,46206,
ESTAT:AVIA_PAR_NL(1.0),25/09/24 11:00:00,A,PAS,PAS_CRD,NL_EHRD_FR_LFBE,2019,49188,
ESTAT:AVIA_PAR_NL(1.0),25/09/24 11:00:00,A,PAS,PAS_CRD,NL_EHRD_FR_LFMT,2016,20740,
ESTAT:AVIA_PAR_NL(1.0),25/09/24 11:00:00,A,PAS,PAS_CRD,NL_EHRD_FR_LFMT,2017,22280,
ESTAT:AVIA_PAR_NL(1.0),25/09/24 11:00:00,A,PAS,PAS_CRD,NL_EHRD_FR_LFMT,2019,22353,
ESTAT:AVIA_PAR_NL(1.0),25/09/24 11:00:00,A,PAS,PAS_CRD,NL_EHRD_FR_LFTH,2016,21343,
ESTAT:AVIA_PAR_NL(1.0),25/09/24 11:00:00,A,PAS,PAS_CRD,NL_EHRD_FR_LFTH,2017,24237,
ESTAT:AVIA_PAR_NL(1.0),25/09/24 11:00:00,A,PAS,PAS_CRD,NL_EHRD_FR_LFTH,2018,21639,
ESTAT:AVIA_PAR_NL(1.0),25/09/24 11:00:00,A,PAS,PAS_CRD,NL_EHRD_FR_LFTH,2019,25741,
